Country,Year,Potato_import_tonnes,Potato_consumption_tonnes
China,2000,112418,7500912
China,2001,101371,10362235
China,2002,128102,9452743
China,2003,159840,7061130
China,2004,114435,8380512
China,2005,120158,11518965
China,2006,186917,5906793
China,2007,167706,8742052
China,2008,110844,11184043
China,2009,149749,8226282
China,2010,144018,8543680
China,2011,151120,9433477
China,2012,190449,11780446
China,2013,98371,8756475
China,2014,106982,9093871
China,2015,169735,9162593
China,2016,163015,13122534
China,2017,247208,13172785
China,2018,186030,11481512
China,2019,163474,10620030
China,2020,333546,12112983
China,2021,241841,13425557
China,2022,297465,8785623
India,2000,45806,6175965
India,2001,69612,4317982
India,2002,89407,4872015
India,2003,58916,6199992
India,2004,104137,4343629
India,2005,79794,5482576
India,2006,92367,4939726
India,2007,86271,5526443
India,2008,144776,3377702
India,2009,96393,4330122
India,2010,80843,5346699
India,2011,153547,6893383
India,2012,81172,5970509
India,2013,141552,6212515
India,2014,54235,6939992
India,2015,82334,5531660
India,2016,158688,6729842
India,2017,190355,5749169
India,2018,170397,4907489
India,2019,162700,6316796
India,2020,146699,7973154
India,2021,93325,7814418
India,2022,148650,6962989
United States,2000,744723,27973385
United States,2001,945392,22035920
United States,2002,875220,23987482
United States,2003,624452,28162388
United States,2004,908042,17127278
United States,2005,832245,18084670
United States,2006,809451,27242188
United States,2007,1003263,19161158
United States,2008,919942,23140616
United States,2009,926185,26947148
United States,2010,852435,25271988
United States,2011,948563,27819373
United States,2012,1065008,26635134
United States,2013,1186322,24937227
United States,2014,930726,18768174
United States,2015,994374,23470884
United States,2016,915977,21692121
United States,2017,919196,16392632
United States,2018,1281855,24512402
United States,2019,1402543,22386979
United States,2020,1081844,21449663
United States,2021,1283451,20309411
United States,2022,1303874,15789391
Indonesia,2000,34648,327517
Indonesia,2001,19081,344429
Indonesia,2002,66435,285074
Indonesia,2003,41346,387043
Indonesia,2004,22772,278647
Indonesia,2005,10582,230048
Indonesia,2006,48196,394869
Indonesia,2007,23198,324777
Indonesia,2008,10879,343228
Indonesia,2009,10727,309562
Indonesia,2010,5493,271978
Indonesia,2011,27295,430857
Indonesia,2012,63119,329023
Indonesia,2013,36955,463859
Indonesia,2014,44340,421306
Indonesia,2015,37051,362352
Indonesia,2016,47082,322181
Indonesia,2017,12568,346697
Indonesia,2018,35011,322474
Indonesia,2019,26106,523774
Indonesia,2020,61150,446728
Indonesia,2021,47333,517328
Indonesia,2022,70229,334833
Pakistan,2000,19782,28071
Pakistan,2001,42555,78495
Pakistan,2002,4473,474560
Pakistan,2003,17250,186951
Pakistan,2004,45124,291639
Pakistan,2005,52023,129289
Pakistan,2006,47620,72855
Pakistan,2007,18987,109702
Pakistan,2008,26465,38884
Pakistan,2009,22339,380475
Pakistan,2010,11308,789106
Pakistan,2011,4661,768445
Pakistan,2012,14826,1023358
Pakistan,2013,6913,409903
Pakistan,2014,63906,855891
Pakistan,2015,2377,860975
Pakistan,2016,56826,1357834
Pakistan,2017,26108,86615
Pakistan,2018,14649,271606
Pakistan,2019,59549,472812
Pakistan,2020,16775,222826
Pakistan,2021,84368,437199
Pakistan,2022,48689,1229323
Nigeria,2000,12655,256286
Nigeria,2001,36413,200297
Nigeria,2002,20282,245564
Nigeria,2003,26808,342777
Nigeria,2004,48126,189056
Nigeria,2005,47418,266813
Nigeria,2006,34818,261658
Nigeria,2007,49242,297713
Nigeria,2008,25081,333366
Nigeria,2009,19119,381354
Nigeria,2010,74810,302136
Nigeria,2011,43380,362104
Nigeria,2012,37599,355643
Nigeria,2013,6347,363242
Nigeria,2014,18546,318189
Nigeria,2015,42680,302982
Nigeria,2016,4699,304930
Nigeria,2017,14983,331846
Nigeria,2018,48908,402190
Nigeria,2019,45250,438156
Nigeria,2020,62524,456471
Nigeria,2021,8739,409487
Nigeria,2022,36373,538233
Brazil,2000,216608,2160981
Brazil,2001,128349,1683209
Brazil,2002,201821,1573621
Brazil,2003,260967,1848748
Brazil,2004,121176,2179615
Brazil,2005,218301,1942109
Brazil,2006,228894,2024243
Brazil,2007,264647,1826930
Brazil,2008,133881,2036264
Brazil,2009,133730,2370847
Brazil,2010,273470,1874243
Brazil,2011,267661,2005786
Brazil,2012,272708,2058718
Brazil,2013,287231,2088291
Brazil,2014,214680,1594621
Brazil,2015,281881,1468053
Brazil,2016,310010,1748093
Brazil,2017,244380,2136884
Brazil,2018,449374,2280118
Brazil,2019,353020,1957018
Brazil,2020,210015,2798486
Brazil,2021,358630,2292221
Brazil,2022,260857,2197376
Bangladesh,2000,55048,12719
Bangladesh,2001,6321,13524
Bangladesh,2002,7057,14834
Bangladesh,2003,36791,14933
Bangladesh,2004,37275,11889
Bangladesh,2005,43005,17083
Bangladesh,2006,12808,11761
Bangladesh,2007,2208,14410
Bangladesh,2008,12269,13819
Bangladesh,2009,11409,12290
Bangladesh,2010,9757,14593
Bangladesh,2011,24357,13277
Bangladesh,2012,26469,15281
Bangladesh,2013,52751,16222
Bangladesh,2014,19498,18899
Bangladesh,2015,52464,16389
Bangladesh,2016,33141,14401
Bangladesh,2017,50602,15102
Bangladesh,2018,11483,16578
Bangladesh,2019,16496,16663
Bangladesh,2020,14468,21892
Bangladesh,2021,31699,21980
Bangladesh,2022,55134,16114
Russia,2000,149274,17418016
Russia,2001,196215,11723466
Russia,2002,186388,17486962
Russia,2003,161246,16292837
Russia,2004,124200,18114005
Russia,2005,91740,20296594
Russia,2006,147092,19719452
Russia,2007,215614,19160799
Russia,2008,156727,20856339
Russia,2009,93153,19906754
Russia,2010,185922,19935267
Russia,2011,199141,9798567
Russia,2012,132486,17916533
Russia,2013,190493,18029049
Russia,2014,177771,17081587
Russia,2015,115958,17100437
Russia,2016,207750,19190822
Russia,2017,221367,15516973
Russia,2018,253567,22264340
Russia,2019,254407,18133824
Russia,2020,105378,17415024
Russia,2021,130369,16586434
Russia,2022,229926,15361219
Mexico,2000,83477,676360
Mexico,2001,86003,781305
Mexico,2002,147009,834841
Mexico,2003,92248,880586
Mexico,2004,105502,890290
Mexico,2005,105194,793936
Mexico,2006,102388,659359
Mexico,2007,85843,761448
Mexico,2008,94241,1062642
Mexico,2009,69037,981400
Mexico,2010,95542,923129
Mexico,2011,92732,783281
Mexico,2012,108858,894473
Mexico,2013,166226,733584
Mexico,2014,63499,838110
Mexico,2015,127764,889833
Mexico,2016,77652,883309
Mexico,2017,111093,1079738
Mexico,2018,158271,751479
Mexico,2019,133373,839846
Mexico,2020,95073,836512
Mexico,2021,108161,867661
Mexico,2022,165194,1015895
Japan,2000,289617,2219767
Japan,2001,330650,3248056
Japan,2002,325123,2807235
Japan,2003,297309,2942295
Japan,2004,417433,3050106
Japan,2005,355117,2717143
Japan,2006,242916,3353191
Japan,2007,339401,2816057
Japan,2008,258719,3155930
Japan,2009,316014,2808357
Japan,2010,301710,3018099
Japan,2011,333004,3010222
Japan,2012,362040,2994357
Japan,2013,379864,2461877
Japan,2014,275119,3068693
Japan,2015,313369,2739821
Japan,2016,325184,3146474
Japan,2017,318732,1944529
Japan,2018,430399,2238383
Japan,2019,370329,3022243
Japan,2020,271963,3956259
Japan,2021,365915,3476026
Japan,2022,455631,2564902
Ethiopia,2000,51276,410355
Ethiopia,2001,9946,157741
Ethiopia,2002,16349,1434365
Ethiopia,2003,30925,315876
Ethiopia,2004,4735,546250
Ethiopia,2005,47120,34103
Ethiopia,2006,18899,72842
Ethiopia,2007,20080,1474778
Ethiopia,2008,23270,41220
Ethiopia,2009,4461,247199
Ethiopia,2010,37277,51870
Ethiopia,2011,39751,1040197
Ethiopia,2012,6650,797126
Ethiopia,2013,84406,104223
Ethiopia,2014,30617,678599
Ethiopia,2015,54309,246366
Ethiopia,2016,41218,483685
Ethiopia,2017,6557,87884
Ethiopia,2018,14704,742892
Ethiopia,2019,17529,801762
Ethiopia,2020,62896,355686
Ethiopia,2021,32489,516289
Ethiopia,2022,94337,977358
Philippines,2000,26097,90417
Philippines,2001,8150,60886
Philippines,2002,3866,68524
Philippines,2003,16932,72159
Philippines,2004,43049,66303
Philippines,2005,57261,68330
Philippines,2006,29919,65325
Philippines,2007,12277,80152
Philippines,2008,86457,82992
Philippines,2009,10991,80101
Philippines,2010,18482,68309
Philippines,2011,10357,109864
Philippines,2012,39306,75374
Philippines,2013,29937,99834
Philippines,2014,16490,81834
Philippines,2015,26368,109275
Philippines,2016,20449,115602
Philippines,2017,90995,89377
Philippines,2018,3632,74544
Philippines,2019,13932,117797
Philippines,2020,4564,150268
Philippines,2021,80254,126827
Philippines,2022,52035,115239
Egypt,2000,15929,229085
Egypt,2001,838,231504
Egypt,2002,40104,185122
Egypt,2003,54477,193937
Egypt,2004,58073,239173
Egypt,2005,50304,218215
Egypt,2006,23738,271887
Egypt,2007,31483,206715
Egypt,2008,7147,261787
Egypt,2009,31537,251841
Egypt,2010,47673,239217
Egypt,2011,1128,292015
Egypt,2012,61250,278477
Egypt,2013,42703,218469
Egypt,2014,54804,287027
Egypt,2015,65392,321576
Egypt,2016,49237,266080
Egypt,2017,13152,265971
Egypt,2018,51181,252998
Egypt,2019,12616,285727
Egypt,2020,42432,347182
Egypt,2021,40132,281145
Egypt,2022,25699,241051
Vietnam,2000,20935,59638
Vietnam,2001,2344,50672
Vietnam,2002,6747,69668
Vietnam,2003,39609,61129
Vietnam,2004,23256,48641
Vietnam,2005,13493,63263
Vietnam,2006,51335,65538
Vietnam,2007,40918,72827
Vietnam,2008,32672,67476
Vietnam,2009,23989,89288
Vietnam,2010,38584,65021
Vietnam,2011,38666,70615
Vietnam,2012,50240,70954
Vietnam,2013,7914,69770
Vietnam,2014,20611,75234
Vietnam,2015,10109,80516
Vietnam,2016,16823,90424
Vietnam,2017,29921,58201
Vietnam,2018,4922,71064
Vietnam,2019,69701,72576
Vietnam,2020,49287,96901
Vietnam,2021,25385,81290
Vietnam,2022,36604,57542
DR Congo,2000,42863,40073
DR Congo,2001,14858,56936
DR Congo,2002,13563,1178109
DR Congo,2003,41087,79978
DR Congo,2004,9943,547161
DR Congo,2005,32184,188939
DR Congo,2006,9293,480608
DR Congo,2007,39194,248989
DR Congo,2008,20001,198059
DR Congo,2009,24291,74888
DR Congo,2010,26690,136694
DR Congo,2011,2929,154204
DR Congo,2012,25881,287712
DR Congo,2013,49634,122801
DR Congo,2014,16390,1046311
DR Congo,2015,13853,1230895
DR Congo,2016,14912,739295
DR Congo,2017,55418,1047466
DR Congo,2018,65345,1639811
DR Congo,2019,15156,121707
DR Congo,2020,21509,1761828
DR Congo,2021,31726,762025
DR Congo,2022,35583,97243
Turkey,2000,66587,1020418
Turkey,2001,53750,1001675
Turkey,2002,68709,651129
Turkey,2003,78713,907075
Turkey,2004,97777,1177762
Turkey,2005,91178,1039646
Turkey,2006,115957,843708
Turkey,2007,62442,1151736
Turkey,2008,81997,980223
Turkey,2009,72162,1126522
Turkey,2010,128756,1142777
Turkey,2011,68052,910924
Turkey,2012,69066,1238977
Turkey,2013,76176,951614
Turkey,2014,40923,912275
Turkey,2015,77678,996062
Turkey,2016,78180,1101558
Turkey,2017,102624,1195113
Turkey,2018,110039,1052030
Turkey,2019,152652,1338744
Turkey,2020,121272,1365794
Turkey,2021,85953,1193129
Turkey,2022,86769,1414510
Iran,2000,6910,796097
Iran,2001,10191,254597
Iran,2002,62914,386992
Iran,2003,51567,606320
Iran,2004,29228,146706
Iran,2005,20996,120596
Iran,2006,50734,115906
Iran,2007,50072,179432
Iran,2008,14537,86698
Iran,2009,20726,516342
Iran,2010,39421,504758
Iran,2011,60756,414713
Iran,2012,23371,579388
Iran,2013,31400,34290
Iran,2014,59726,378910
Iran,2015,37496,76001
Iran,2016,18042,584560
Iran,2017,31465,103018
Iran,2018,30247,970737
Iran,2019,18717,204947
Iran,2020,34322,182105
Iran,2021,28471,395406
Iran,2022,3122,18668
Germany,2000,675920,7558075
Germany,2001,600492,4883230
Germany,2002,794293,7291440
Germany,2003,689126,6482228
Germany,2004,787516,6062681
Germany,2005,705908,4176835
Germany,2006,886496,5233023
Germany,2007,873355,8288679
Germany,2008,603793,6226178
Germany,2009,705375,5819330
Germany,2010,812772,6172261
Germany,2011,891417,5773367
Germany,2012,687165,6495185
Germany,2013,853749,7678261
Germany,2014,857215,5596077
Germany,2015,609085,6158599
Germany,2016,707721,4888673
Germany,2017,632341,7113329
Germany,2018,822299,5843453
Germany,2019,936785,4669696
Germany,2020,950623,6706761
Germany,2021,824769,6836147
Germany,2022,1078181,5389631
Thailand,2000,28252,23754
Thailand,2001,14433,40135
Thailand,2002,30196,33296
Thailand,2003,27739,37589
Thailand,2004,18064,29479
Thailand,2005,10565,30364
Thailand,2006,48123,32995
Thailand,2007,23133,38067
Thailand,2008,43377,33485
Thailand,2009,14093,26735
Thailand,2010,16652,34412
Thailand,2011,18620,41410
Thailand,2012,21410,33773
Thailand,2013,36235,34262
Thailand,2014,28882,27381
Thailand,2015,15342,26803
Thailand,2016,39625,30853
Thailand,2017,31858,32608
Thailand,2018,3975,34997
Thailand,2019,23423,35493
Thailand,2020,40035,46621
Thailand,2021,40993,38109
Thailand,2022,41720,40766
United Kingdom,2000,676825,4985415
United Kingdom,2001,508205,6141567
United Kingdom,2002,445809,3651419
United Kingdom,2003,534992,4647261
United Kingdom,2004,509782,5893843
United Kingdom,2005,504603,5034264
United Kingdom,2006,589436,5924621
United Kingdom,2007,609161,5531513
United Kingdom,2008,416268,6307614
United Kingdom,2009,416639,6068046
United Kingdom,2010,524967,5862147
United Kingdom,2011,326698,6424059
United Kingdom,2012,409751,5940593
United Kingdom,2013,709053,5862323
United Kingdom,2014,707668,5045162
United Kingdom,2015,526740,4525950
United Kingdom,2016,647135,4405058
United Kingdom,2017,625328,5362588
United Kingdom,2018,929525,3013635
United Kingdom,2019,725786,3766013
United Kingdom,2020,548364,4267182
United Kingdom,2021,469395,4734791
United Kingdom,2022,442397,2717057
France,2000,359970,4068102
France,2001,316068,3744990
France,2002,285944,4476283
France,2003,327963,4015032
France,2004,309064,4014488
France,2005,454740,4669553
France,2006,417390,3204776
France,2007,374829,2725379
France,2008,388897,3580405
France,2009,328896,3263633
France,2010,339999,3424162
France,2011,473750,2952092
France,2012,424144,3741444
France,2013,340489,3653348
France,2014,372016,3324290
France,2015,338701,3437587
France,2016,330952,3162438
France,2017,468253,3537975
France,2018,530565,3160884
France,2019,340047,2955353
France,2020,423868,3726742
France,2021,360683,3826709
France,2022,405940,3519974
Italy,2000,251802,1455995
Italy,2001,242457,1574487
Italy,2002,290842,1276115
Italy,2003,251430,1653759
Italy,2004,310846,1824014
Italy,2005,299063,1684333
Italy,2006,293727,2218528
Italy,2007,262811,1617176
Italy,2008,241817,1442284
Italy,2009,307072,1872591
Italy,2010,352623,1766021
Italy,2011,275014,1871446
Italy,2012,340426,1809495
Italy,2013,383199,1795708
Italy,2014,234661,1182056
Italy,2015,363281,1546769
Italy,2016,315291,1583707
Italy,2017,395629,1648521
Italy,2018,318558,1623943
Italy,2019,257545,1850702
Italy,2020,250955,2053906
Italy,2021,355033,1565836
Italy,2022,405672,1928100
Tanzania,2000,32016,51097
Tanzania,2001,51137,257210
Tanzania,2002,5413,284715
Tanzania,2003,15183,214675
Tanzania,2004,13885,432289
Tanzania,2005,1029,189047
Tanzania,2006,34530,573232
Tanzania,2007,37219,1150084
Tanzania,2008,4999,464528
Tanzania,2009,55832,705384
Tanzania,2010,13871,178554
Tanzania,2011,55913,150520
Tanzania,2012,8877,60635
Tanzania,2013,31887,1099342
Tanzania,2014,31918,920537
Tanzania,2015,4531,588710
Tanzania,2016,36739,82049
Tanzania,2017,50561,318871
Tanzania,2018,30652,639013
Tanzania,2019,30817,93811
Tanzania,2020,47673,178375
Tanzania,2021,72009,222254
Tanzania,2022,17207,541986
South Africa,2000,60765,176713
South Africa,2001,49646,134388
South Africa,2002,52066,217653
South Africa,2003,42472,168945
South Africa,2004,42406,222268
South Africa,2005,44306,191860
South Africa,2006,58362,228355
South Africa,2007,46735,210058
South Africa,2008,50655,199524
South Africa,2009,77511,212795
South Africa,2010,72658,162742
South Africa,2011,53269,212223
South Africa,2012,82329,270608
South Africa,2013,54439,261304
South Africa,2014,23471,188957
South Africa,2015,43190,242112
South Africa,2016,29311,236914
South Africa,2017,61252,260263
South Africa,2018,70572,238645
South Africa,2019,108120,230485
South Africa,2020,74492,314088
South Africa,2021,64964,274382
South Africa,2022,96747,296796
Kenya,2000,7874,68933
Kenya,2001,47220,348605
Kenya,2002,38137,46317
Kenya,2003,33574,149058
Kenya,2004,37821,227722
Kenya,2005,33593,157769
Kenya,2006,29485,375216
Kenya,2007,12056,30103
Kenya,2008,48464,296614
Kenya,2009,37076,168669
Kenya,2010,43218,56382
Kenya,2011,46340,95675
Kenya,2012,16524,433531
Kenya,2013,50637,232961
Kenya,2014,3159,50921
Kenya,2015,22544,401221
Kenya,2016,2349,27973
Kenya,2017,12074,198684
Kenya,2018,16626,1884467
Kenya,2019,65265,985774
Kenya,2020,48244,773602
Kenya,2021,38823,901244
Kenya,2022,40361,514622
Spain,2000,204361,1500712
Spain,2001,237480,1076376
Spain,2002,255605,1570682
Spain,2003,197850,1192102
Spain,2004,269147,1416967
Spain,2005,292696,1296946
Spain,2006,261052,1628601
Spain,2007,324113,1458702
Spain,2008,188984,1911332
Spain,2009,175843,1246999
Spain,2010,188128,1518225
Spain,2011,331778,1451152
Spain,2012,301051,1513438
Spain,2013,274957,1814547
Spain,2014,280315,1605349
Spain,2015,223942,1231529
Spain,2016,407206,1619485
Spain,2017,304104,1417252
Spain,2018,308616,1415395
Spain,2019,344622,1776691
Spain,2020,311434,1520835
Spain,2021,304929,1589275
Spain,2022,284544,1580562
Poland,2000,75941,5424157
Poland,2001,95588,5169547
Poland,2002,90465,4592150
Poland,2003,95587,4569756
Poland,2004,68798,3939125
Poland,2005,63519,4229703
Poland,2006,77046,4309520
Poland,2007,81215,4676233
Poland,2008,83444,6525820
Poland,2009,49445,4522666
Poland,2010,108822,4584819
Poland,2011,84561,3257532
Poland,2012,81955,5032865
Poland,2013,74056,3457460
Poland,2014,61608,3838792
Poland,2015,102762,5039931
Poland,2016,97363,2925613
Poland,2017,75258,4254608
Poland,2018,76671,4608798
Poland,2019,95813,4959785
Poland,2020,124444,3686039
Poland,2021,93048,3802226
Poland,2022,78938,4841584
Netherlands,2000,427883,1243309
Netherlands,2001,436091,1115722
Netherlands,2002,217774,1124851
Netherlands,2003,479339,1082007
Netherlands,2004,473774,1189183
Netherlands,2005,580026,1488372
Netherlands,2006,714842,1457149
Netherlands,2007,655430,1064707
Netherlands,2008,440977,1407639
Netherlands,2009,371975,1287884
Netherlands,2010,872509,1465786
Netherlands,2011,597432,1261712
Netherlands,2012,606886,1343420
Netherlands,2013,617337,1223473
Netherlands,2014,627977,829416
Netherlands,2015,601271,1224298
Netherlands,2016,591383,968956
Netherlands,2017,609838,1311451
Netherlands,2018,697249,1043040
Netherlands,2019,641205,1040128
Netherlands,2020,581670,1215178
Netherlands,2021,710148,1302296
Netherlands,2022,735201,1065074
Ukraine,2000,8158,8375320
Ukraine,2001,5278,8340098
Ukraine,2002,23854,8364912
Ukraine,2003,29569,6387035
Ukraine,2004,29725,5122443
Ukraine,2005,36578,7753071
Ukraine,2006,34912,6113661
Ukraine,2007,11821,6525444
Ukraine,2008,18443,7417524
Ukraine,2009,2683,5121527
Ukraine,2010,44941,7953330
Ukraine,2011,74258,7050269
Ukraine,2012,5424,6398248
Ukraine,2013,39590,6717718
Ukraine,2014,19681,6260987
Ukraine,2015,2355,5733115
Ukraine,2016,75269,5240440
Ukraine,2017,14926,4763309
Ukraine,2018,57027,5448938
Ukraine,2019,70229,5369792
Ukraine,2020,26431,6235924
Ukraine,2021,58790,5388198
Ukraine,2022,7843,4118284
Argentina,2000,53936,339023
Argentina,2001,81066,439424
Argentina,2002,43528,450166
Argentina,2003,74654,449385
Argentina,2004,75731,354550
Argentina,2005,60503,539181
Argentina,2006,73740,543905
Argentina,2007,44777,414359
Argentina,2008,75215,534661
Argentina,2009,57794,550074
Argentina,2010,62435,488418
Argentina,2011,96515,420275
Argentina,2012,61087,614046
Argentina,2013,47007,527351
Argentina,2014,42429,484384
Argentina,2015,89732,566743
Argentina,2016,52837,637131
Argentina,2017,125294,478492
Argentina,2018,35740,575811
Argentina,2019,128928,679831
Argentina,2020,86871,477554
Argentina,2021,81399,531105
Argentina,2022,78606,492248
Colombia,2000,22203,707534
Colombia,2001,29963,26135
Colombia,2002,62780,1070781
Colombia,2003,49104,1084820
Colombia,2004,25330,503254
Colombia,2005,25646,64711
Colombia,2006,30828,539801
Colombia,2007,14044,1327746
Colombia,2008,17231,15216
Colombia,2009,24242,556100
Colombia,2010,25155,121307
Colombia,2011,44525,266830
Colombia,2012,11553,386550
Colombia,2013,46712,932367
Colombia,2014,57076,758808
Colombia,2015,17198,406009
Colombia,2016,7551,150882
Colombia,2017,50387,1353079
Colombia,2018,2977,265386
Colombia,2019,23719,67815
Colombia,2020,35500,647464
Colombia,2021,88322,793249
Colombia,2022,36681,127690
Peru,2000,25249,252516
Peru,2001,22955,337192
Peru,2002,59805,131834
Peru,2003,10258,188960
Peru,2004,16669,18714
Peru,2005,21943,425054
Peru,2006,18797,881389
Peru,2007,15104,735293
Peru,2008,28765,750533
Peru,2009,8558,677633
Peru,2010,45132,1193573
Peru,2011,24864,29880
Peru,2012,5191,361749
Peru,2013,31309,71277
Peru,2014,31049,189258
Peru,2015,1650,498681
Peru,2016,25668,470273
Peru,2017,64928,312896
Peru,2018,23665,698177
Peru,2019,7341,69664
Peru,2020,39310,357872
Peru,2021,7630,142202
Peru,2022,49489,1382364
Chile,2000,47003,158093
Chile,2001,34928,233112
Chile,2002,42885,156619
Chile,2003,69616,153408
Chile,2004,42258,143737
Chile,2005,56852,118451
Chile,2006,37128,173697
Chile,2007,45546,140059
Chile,2008,57472,208371
Chile,2009,34264,140467
Chile,2010,70853,178270
Chile,2011,58535,290476
Chile,2012,43596,228375
Chile,2013,59925,220824
Chile,2014,62331,167318
Chile,2015,59093,214833
Chile,2016,33356,226681
Chile,2017,45828,172407
Chile,2018,53595,233463
Chile,2019,57188,272499
Chile,2020,63168,238770
Chile,2021,58254,246678
Chile,2022,41195,164741
Canada,2000,264257,1714549
Canada,2001,278355,2536908
Canada,2002,281940,1990008
Canada,2003,308312,1918253
Canada,2004,304458,2015519
Canada,2005,295032,2249861
Canada,2006,278577,1891959
Canada,2007,215624,2354304
Canada,2008,265022,1948457
Canada,2009,261869,2756593
Canada,2010,317163,1997080
Canada,2011,251313,2811642
Canada,2012,265646,2317138
Canada,2013,374490,2003612
Canada,2014,311517,2579250
Canada,2015,352319,1781077
Canada,2016,344654,2036523
Canada,2017,351623,2193750
Canada,2018,407315,2129822
Canada,2019,336011,1498735
Canada,2020,346696,1974358
Canada,2021,324431,2322246
Canada,2022,361305,1663265
Australia,2000,112580,1469606
Australia,2001,127211,1342653
Australia,2002,111790,1167255
Australia,2003,156996,1237700
Australia,2004,104576,1657064
Australia,2005,124443,1494948
Australia,2006,119673,1402292
Australia,2007,171723,1057489
Australia,2008,119419,1775313
Australia,2009,140694,1671618
Australia,2010,97888,1360489
Australia,2011,148904,1266211
Australia,2012,169002,1330052
Australia,2013,148023,1112633
Australia,2014,170343,1251102
Australia,2015,127781,1487904
Australia,2016,195201,965059
Australia,2017,225627,1251297
Australia,2018,145496,1324564
Australia,2019,145046,1311675
Australia,2020,191914,1138795
Australia,2021,198602,1128750
Australia,2022,149096,1465787
Saudi Arabia,2000,4807,115976
Saudi Arabia,2001,5161,58280
Saudi Arabia,2002,3448,29672
Saudi Arabia,2003,4291,135794
Saudi Arabia,2004,4242,73055
Saudi Arabia,2005,4789,198715
Saudi Arabia,2006,6312,60455
Saudi Arabia,2007,6997,92109
Saudi Arabia,2008,8346,64905
Saudi Arabia,2009,4090,212807
Saudi Arabia,2010,9119,111870
Saudi Arabia,2011,6753,148498
Saudi Arabia,2012,7287,13995
Saudi Arabia,2013,9117,147601
Saudi Arabia,2014,4896,61549
Saudi Arabia,2015,8436,129942
Saudi Arabia,2016,8572,309040
Saudi Arabia,2017,9605,90508
Saudi Arabia,2018,9322,258959
Saudi Arabia,2019,15269,143473
Saudi Arabia,2020,6705,175511
Saudi Arabia,2021,7145,111259
Saudi Arabia,2022,7699,82723
United Arab Emirates,2000,9271,314124
United Arab Emirates,2001,29336,30768
United Arab Emirates,2002,47383,144058
United Arab Emirates,2003,69033,279344
United Arab Emirates,2004,32115,662029
United Arab Emirates,2005,9745,1156891
United Arab Emirates,2006,43271,375348
United Arab Emirates,2007,17642,791903
United Arab Emirates,2008,32659,120489
United Arab Emirates,2009,23826,98421
United Arab Emirates,2010,27781,517462
United Arab Emirates,2011,7550,11974
United Arab Emirates,2012,19802,263171
United Arab Emirates,2013,7670,1837620
United Arab Emirates,2014,53562,1341995
United Arab Emirates,2015,26902,842848
United Arab Emirates,2016,49368,32440
United Arab Emirates,2017,49972,355376
United Arab Emirates,2018,28041,996201
United Arab Emirates,2019,41589,973064
United Arab Emirates,2020,13746,524665
United Arab Emirates,2021,7454,106069
United Arab Emirates,2022,8402,175710
Israel,2000,9927,94643
Israel,2001,14227,133505
Israel,2002,9219,113458
Israel,2003,11135,105352
Israel,2004,10785,132928
Israel,2005,13927,135752
Israel,2006,17522,111626
Israel,2007,10145,104526
Israel,2008,8887,95222
Israel,2009,12492,92688
Israel,2010,14019,123961
Israel,2011,17485,113809
Israel,2012,14312,171076
Israel,2013,11914,137386
Israel,2014,14164,98252
Israel,2015,15904,171172
Israel,2016,16206,147162
Israel,2017,15565,161730
Israel,2018,17634,164129
Israel,2019,18316,158319
Israel,2020,17828,179731
Israel,2021,15934,175725
Israel,2022,14891,133371
Morocco,2000,16966,528994
Morocco,2001,25169,317698
Morocco,2002,31246,250705
Morocco,2003,35703,48634
Morocco,2004,8026,367643
Morocco,2005,42958,63333
Morocco,2006,64375,62924
Morocco,2007,3332,754457
Morocco,2008,26505,532735
Morocco,2009,40240,171763
Morocco,2010,8126,653534
Morocco,2011,12440,705286
Morocco,2012,72102,148158
Morocco,2013,47037,65460
Morocco,2014,51350,40865
Morocco,2015,12753,247591
Morocco,2016,69716,586097
Morocco,2017,47210,187083
Morocco,2018,43453,529387
Morocco,2019,33832,973218
Morocco,2020,43700,229651
Morocco,2021,29149,653735
Morocco,2022,10618,473233
Algeria,2000,32552,301972
Algeria,2001,29648,276192
Algeria,2002,46975,581924
Algeria,2003,40560,685185
Algeria,2004,61751,395476
Algeria,2005,13695,1077250
Algeria,2006,13585,206933
Algeria,2007,9781,266901
Algeria,2008,12404,197114
Algeria,2009,30514,599247
Algeria,2010,43161,282196
Algeria,2011,5186,606778
Algeria,2012,39008,818999
Algeria,2013,16980,103788
Algeria,2014,27998,368358
Algeria,2015,45673,184336
Algeria,2016,57936,239265
Algeria,2017,78700,39746
Algeria,2018,41272,342255
Algeria,2019,50047,42521
Algeria,2020,33759,87857
Algeria,2021,19466,199702
Algeria,2022,9723,447199
Malaysia,2000,32070,5602
Malaysia,2001,20429,8035
Malaysia,2002,20573,8040
Malaysia,2003,23817,6432
Malaysia,2004,3151,8720
Malaysia,2005,4665,7659
Malaysia,2006,18394,7194
Malaysia,2007,21089,7005
Malaysia,2008,51103,7029
Malaysia,2009,25636,8676
Malaysia,2010,71038,9052
Malaysia,2011,52369,8696
Malaysia,2012,10833,5919
Malaysia,2013,51350,9088
Malaysia,2014,22669,9609
Malaysia,2015,29027,8112
Malaysia,2016,53828,9239
Malaysia,2017,9836,6732
Malaysia,2018,56225,7758
Malaysia,2019,47106,9213
Malaysia,2020,21029,10152
Malaysia,2021,47750,11410
Malaysia,2022,32884,8398
South Korea,2000,122955,891890
South Korea,2001,190018,874425
South Korea,2002,146024,1022581
South Korea,2003,111937,1154106
South Korea,2004,158097,1201686
South Korea,2005,138979,733342
South Korea,2006,186924,955853
South Korea,2007,146867,805326
South Korea,2008,133345,961079
South Korea,2009,98068,1036200
South Korea,2010,164621,990242
South Korea,2011,103548,974976
South Korea,2012,134604,1205496
South Korea,2013,219407,1097145
South Korea,2014,214506,953377
South Korea,2015,207375,1001631
South Korea,2016,171657,1132895
South Korea,2017,211197,1098025
South Korea,2018,218211,945630
South Korea,2019,177145,744038
South Korea,2020,268167,904184
South Korea,2021,250494,1128149
South Korea,2022,231434,751265
Greece,2000,18097,268714
Greece,2001,18938,257059
Greece,2002,10864,318119
Greece,2003,17629,222622
Greece,2004,16176,197669
Greece,2005,15128,261578
Greece,2006,18033,306646
Greece,2007,26237,325897
Greece,2008,18691,243250
Greece,2009,14822,302443
Greece,2010,22160,236122
Greece,2011,25702,252288
Greece,2012,24034,309335
Greece,2013,20730,316720
Greece,2014,17113,243788
Greece,2015,22625,308128
Greece,2016,22767,207642
Greece,2017,25134,280570
Greece,2018,24266,240855
Greece,2019,26311,255837
Greece,2020,18043,254978
Greece,2021,25786,342549
Greece,2022,23290,318137
Portugal,2000,27471,258499
Portugal,2001,17782,305257
Portugal,2002,27043,300903
Portugal,2003,21659,284544
Portugal,2004,18738,384826
Portugal,2005,19669,254554
Portugal,2006,20608,292504
Portugal,2007,23892,275687
Portugal,2008,20953,276704
Portugal,2009,17430,300654
Portugal,2010,23109,281228
Portugal,2011,32644,256759
Portugal,2012,31348,300903
Portugal,2013,26177,348483
Portugal,2014,23563,338522
Portugal,2015,24268,306225
Portugal,2016,28182,264922
Portugal,2017,21018,306708
Portugal,2018,24935,347601
Portugal,2019,18568,353083
Portugal,2020,26563,341660
Portugal,2021,28084,307066
Portugal,2022,25338,292194
Belgium,2000,475698,853592
Belgium,2001,311583,846290
Belgium,2002,302721,566689
Belgium,2003,417741,848164
Belgium,2004,480236,856826
Belgium,2005,532590,673203
Belgium,2006,396522,689500
Belgium,2007,511836,692485
Belgium,2008,376114,738781
Belgium,2009,375353,649835
Belgium,2010,528710,825282
Belgium,2011,521796,683497
Belgium,2012,360378,753556
Belgium,2013,607702,692731
Belgium,2014,581513,763997
Belgium,2015,437229,613635
Belgium,2016,554694,737095
Belgium,2017,574151,739669
Belgium,2018,565370,772159
Belgium,2019,504845,874458
Belgium,2020,463663,491819
Belgium,2021,527710,738367
Belgium,2022,697704,572995
Sweden,2000,34435,348153
Sweden,2001,30704,554605
Sweden,2002,36313,594386
Sweden,2003,19939,469088
Sweden,2004,38962,517216
Sweden,2005,25694,499515
Sweden,2006,32630,540434
Sweden,2007,29334,577851
Sweden,2008,24500,567067
Sweden,2009,35204,570537
Sweden,2010,33693,617874
Sweden,2011,38257,499684
Sweden,2012,36682,575040
Sweden,2013,39863,436572
Sweden,2014,36312,609288
Sweden,2015,29826,537575
Sweden,2016,44131,448275
Sweden,2017,36485,321222
Sweden,2018,31021,463772
Sweden,2019,37734,376189
Sweden,2020,45224,508733
Sweden,2021,42322,584457
Sweden,2022,39572,448668
Norway,2000,33166,297829
Norway,2001,33645,324281
Norway,2002,46826,324238
Norway,2003,38126,202324
Norway,2004,38771,327327
Norway,2005,42470,348065
Norway,2006,38484,308498
Norway,2007,36067,371045
Norway,2008,31266,335890
Norway,2009,32188,384902
Norway,2010,38446,444370
Norway,2011,43310,322618
Norway,2012,39746,229166
Norway,2013,44211,303310
Norway,2014,37757,233862
Norway,2015,39058,340296
Norway,2016,28739,368404
Norway,2017,47148,335933
Norway,2018,44041,314920
Norway,2019,48614,268114
Norway,2020,22221,391523
Norway,2021,52114,348173
Norway,2022,42653,298341
Denmark,2000,35319,344160
Denmark,2001,25384,340849
Denmark,2002,33937,359407
Denmark,2003,26083,306834
Denmark,2004,28663,416896
Denmark,2005,42216,348415
Denmark,2006,31802,372776
Denmark,2007,34454,321032
Denmark,2008,32724,382329
Denmark,2009,31469,239035
Denmark,2010,35654,289208
Denmark,2011,37402,340300
Denmark,2012,49662,269679
Denmark,2013,36071,452122
Denmark,2014,36235,244192
Denmark,2015,41621,337071
Denmark,2016,44803,393599
Denmark,2017,45979,332617
Denmark,2018,43228,291029
Denmark,2019,32528,275452
Denmark,2020,46888,351365
Denmark,2021,30810,276311
Denmark,2022,43643,280942
Finland,2000,24832,344348
Finland,2001,28008,298484
Finland,2002,29971,317995
Finland,2003,30239,300457
Finland,2004,30981,269827
Finland,2005,36552,373200
Finland,2006,31745,384036
Finland,2007,28920,303476
Finland,2008,29499,322179
Finland,2009,30674,327571
Finland,2010,25234,347470
Finland,2011,34038,273091
Finland,2012,34870,306487
Finland,2013,30444,317355
Finland,2014,36886,329006
Finland,2015,30187,171939
Finland,2016,33451,307497
Finland,2017,32300,299791
Finland,2018,33570,322489
Finland,2019,28264,253627
Finland,2020,24643,269591
Finland,2021,39339,339161
Finland,2022,30424,200193
Switzerland,2000,22026,474849
Switzerland,2001,18688,531595
Switzerland,2002,23454,414674
Switzerland,2003,21540,437254
Switzerland,2004,30895,304721
Switzerland,2005,29169,353977
Switzerland,2006,24059,461050
Switzerland,2007,33579,422442
Switzerland,2008,25317,412146
Switzerland,2009,21940,441544
Switzerland,2010,18953,440285
Switzerland,2011,34793,386040
Switzerland,2012,22921,396757
Switzerland,2013,22254,391109
Switzerland,2014,29811,326828
Switzerland,2015,34601,401574
Switzerland,2016,33117,480202
Switzerland,2017,30564,469885
Switzerland,2018,30915,286568
Switzerland,2019,32065,394340
Switzerland,2020,29430,426381
Switzerland,2021,28107,358539
Switzerland,2022,30163,298623
Austria,2000,21807,324761
Austria,2001,19914,379496
Austria,2002,21646,429680
Austria,2003,17397,400162
Austria,2004,22757,373807
Austria,2005,20120,335749
Austria,2006,19981,436640
Austria,2007,24518,483106
Austria,2008,24582,378005
Austria,2009,23496,470457
Austria,2010,19337,302666
Austria,2011,21609,381447
Austria,2012,28729,471372
Austria,2013,22157,355052
Austria,2014,23922,389449
Austria,2015,26920,521450
Austria,2016,23017,384256
Austria,2017,27343,377919
Austria,2018,22176,472762
Austria,2019,25273,565021
Austria,2020,26844,456722
Austria,2021,20203,530496
Austria,2022,30366,531438
Czechia,2000,48402,518543
Czechia,2001,11865,475332
Czechia,2002,14763,431131
Czechia,2003,65701,391043
Czechia,2004,46857,581472
Czechia,2005,36168,512918
Czechia,2006,44888,600395
Czechia,2007,30646,575735
Czechia,2008,10637,478668
Czechia,2009,40643,434442
Czechia,2010,4747,535599
Czechia,2011,33349,457437
Czechia,2012,11776,535010
Czechia,2013,12946,451761
Czechia,2014,22466,442744
Czechia,2015,58718,498667
Czechia,2016,45590,581984
Czechia,2017,56443,535000
Czechia,2018,31572,603093
Czechia,2019,49399,418509
Czechia,2020,41549,467605
Czechia,2021,54173,549385
Czechia,2022,40503,684442
Romania,2000,32318,337678
Romania,2001,29436,565258
Romania,2002,47573,729846
Romania,2003,45351,621238
Romania,2004,61350,354283
Romania,2005,44375,358995
Romania,2006,42621,823149
Romania,2007,26422,479829
Romania,2008,23181,846231
Romania,2009,7597,322185
Romania,2010,47092,836269
Romania,2011,55682,648413
Romania,2012,6214,434207
Romania,2013,26027,183434
Romania,2014,30736,466711
Romania,2015,12971,590682
Romania,2016,11096,170935
Romania,2017,78924,565599
Romania,2018,34750,757983
Romania,2019,54762,271174
Romania,2020,19014,353639
Romania,2021,60590,831846
Romania,2022,32387,557688
Hungary,2000,41467,440083
Hungary,2001,13872,403827
Hungary,2002,14609,444411
Hungary,2003,26480,358253
Hungary,2004,51497,367132
Hungary,2005,26941,379094
Hungary,2006,40872,388943
Hungary,2007,12118,522468
Hungary,2008,16804,522666
Hungary,2009,29091,429293
Hungary,2010,26497,432410
Hungary,2011,14715,320033
Hungary,2012,17451,408503
Hungary,2013,13028,428984
Hungary,2014,4470,489969
Hungary,2015,32676,437734
Hungary,2016,25713,443486
Hungary,2017,11407,434175
Hungary,2018,13721,431517
Hungary,2019,49348,327222
Hungary,2020,69467,418281
Hungary,2021,5253,541119
Hungary,2022,17051,462324
Slovakia,2000,20231,261015
Slovakia,2001,16483,245677
Slovakia,2002,22345,267571
Slovakia,2003,3961,209185
Slovakia,2004,57881,186150
Slovakia,2005,48842,230221
Slovakia,2006,34055,264187
Slovakia,2007,29533,248664
Slovakia,2008,6029,296317
Slovakia,2009,48863,271028
Slovakia,2010,42639,247092
Slovakia,2011,51940,294608
Slovakia,2012,30911,287705
Slovakia,2013,6839,242556
Slovakia,2014,40872,205651
Slovakia,2015,25244,213098
Slovakia,2016,33627,240938
Slovakia,2017,73128,233565
Slovakia,2018,58838,308934
Slovakia,2019,61390,185244
Slovakia,2020,13403,265158
Slovakia,2021,2754,225143
Slovakia,2022,58403,252755
Bulgaria,2000,12175,264577
Bulgaria,2001,6826,402484
Bulgaria,2002,48220,268016
Bulgaria,2003,41439,733310
Bulgaria,2004,33173,294192
Bulgaria,2005,17456,429818
Bulgaria,2006,38068,332558
Bulgaria,2007,29447,531091
Bulgaria,2008,15126,793928
Bulgaria,2009,5612,1100853
Bulgaria,2010,39184,981982
Bulgaria,2011,59319,65104
Bulgaria,2012,56923,498030
Bulgaria,2013,46198,420291
Bulgaria,2014,4735,509647
Bulgaria,2015,23757,536728
Bulgaria,2016,19827,174585
Bulgaria,2017,46436,427769
Bulgaria,2018,10543,284285
Bulgaria,2019,32499,328859
Bulgaria,2020,5607,167122
Bulgaria,2021,35883,473731
Bulgaria,2022,46197,622146
Serbia,2000,25135,149361
Serbia,2001,10689,528889
Serbia,2002,41225,1038876
Serbia,2003,19574,288659
Serbia,2004,12342,246737
Serbia,2005,28303,551930
Serbia,2006,5800,293919
Serbia,2007,30033,216686
Serbia,2008,20938,852355
Serbia,2009,37844,368800
Serbia,2010,16705,426667
Serbia,2011,46663,308977
Serbia,2012,18875,438590
Serbia,2013,11819,612806
Serbia,2014,16970,645603
Serbia,2015,27664,240332
Serbia,2016,6171,648650
Serbia,2017,46056,208316
Serbia,2018,48190,98763
Serbia,2019,44241,643965
Serbia,2020,72631,362169
Serbia,2021,50743,601297
Serbia,2022,19967,476737
Croatia,2000,4806,121036
Croatia,2001,19594,170562
Croatia,2002,38401,175036
Croatia,2003,34295,162480
Croatia,2004,15723,186219
Croatia,2005,20480,153567
Croatia,2006,39253,151226
Croatia,2007,48473,162435
Croatia,2008,50582,182461
Croatia,2009,32530,174722
Croatia,2010,4056,147643
Croatia,2011,31484,129632
Croatia,2012,13437,167042
Croatia,2013,59245,133528
Croatia,2014,40427,132477
Croatia,2015,51673,135775
Croatia,2016,36921,151407
Croatia,2017,26297,131782
Croatia,2018,15181,123790
Croatia,2019,99895,134059
Croatia,2020,25626,155775
Croatia,2021,19844,170581
Croatia,2022,10388,148914
Slovenia,2000,8320,63683
Slovenia,2001,20708,78764
Slovenia,2002,12799,79998
Slovenia,2003,49906,71239
Slovenia,2004,43201,67460
Slovenia,2005,23600,67590
Slovenia,2006,19799,70781
Slovenia,2007,20600,102668
Slovenia,2008,17982,70272
Slovenia,2009,45033,84490
Slovenia,2010,1550,69229
Slovenia,2011,20423,71792
Slovenia,2012,23072,69599
Slovenia,2013,41031,87374
Slovenia,2014,9561,82600
Slovenia,2015,21997,76793
Slovenia,2016,45033,84389
Slovenia,2017,13709,87394
Slovenia,2018,31035,68730
Slovenia,2019,10497,85421
Slovenia,2020,40771,76231
Slovenia,2021,49426,96356
Slovenia,2022,59948,88233
Bosnia and Herzegovina,2000,12038,768456
Bosnia and Herzegovina,2001,10245,542911
Bosnia and Herzegovina,2002,33065,784990
Bosnia and Herzegovina,2003,29909,623806
Bosnia and Herzegovina,2004,24588,378848
Bosnia and Herzegovina,2005,27919,657329
Bosnia and Herzegovina,2006,60513,402555
Bosnia and Herzegovina,2007,75593,214207
Bosnia and Herzegovina,2008,19880,558927
Bosnia and Herzegovina,2009,30611,575796
Bosnia and Herzegovina,2010,51896,87982
Bosnia and Herzegovina,2011,47318,631322
Bosnia and Herzegovina,2012,20237,483205
Bosnia and Herzegovina,2013,56962,537957
Bosnia and Herzegovina,2014,2433,166864
Bosnia and Herzegovina,2015,38683,836047
Bosnia and Herzegovina,2016,35964,672016
Bosnia and Herzegovina,2017,52116,739195
Bosnia and Herzegovina,2018,52831,160357
Bosnia and Herzegovina,2019,52067,619993
Bosnia and Herzegovina,2020,11524,311157
Bosnia and Herzegovina,2021,52585,131745
Bosnia and Herzegovina,2022,106605,186573
North Macedonia,2000,20808,557319
North Macedonia,2001,20987,966113
North Macedonia,2002,16775,296283
North Macedonia,2003,34442,364973
North Macedonia,2004,38738,781253
North Macedonia,2005,48339,535062
North Macedonia,2006,46458,110783
North Macedonia,2007,46524,193960
North Macedonia,2008,11078,1023385
North Macedonia,2009,49856,550170
North Macedonia,2010,75498,385451
North Macedonia,2011,16353,414647
North Macedonia,2012,57481,652614
North Macedonia,2013,56572,355702
North Macedonia,2014,5936,114320
North Macedonia,2015,60214,537166
North Macedonia,2016,35362,955395
North Macedonia,2017,12447,482737
North Macedonia,2018,20263,702765
North Macedonia,2019,41201,671448
North Macedonia,2020,18092,103789
North Macedonia,2021,7812,696385
North Macedonia,2022,27481,974559
Albania,2000,20616,310010
Albania,2001,2601,378824
Albania,2002,31852,488606
Albania,2003,20717,499715
Albania,2004,45653,580177
Albania,2005,31299,522520
Albania,2006,52267,721372
Albania,2007,10076,253809
Albania,2008,13635,850811
Albania,2009,50905,862442
Albania,2010,13173,524823
Albania,2011,37209,1054366
Albania,2012,18074,323655
Albania,2013,45467,486999
Albania,2014,8701,714217
Albania,2015,17424,108038
Albania,2016,1800,181370
Albania,2017,21813,398881
Albania,2018,73788,302274
Albania,2019,33409,338382
Albania,2020,10116,609682
Albania,2021,72709,856306
Albania,2022,108261,129889
Ireland,2000,15051,438004
Ireland,2001,15899,434982
Ireland,2002,19469,376277
Ireland,2003,16050,433746
Ireland,2004,22107,381575
Ireland,2005,17192,546830
Ireland,2006,11437,401331
Ireland,2007,18020,418075
Ireland,2008,14648,417501
Ireland,2009,16822,331380
Ireland,2010,18354,411243
Ireland,2011,16364,439394
Ireland,2012,13591,515926
Ireland,2013,16500,448466
Ireland,2014,14151,402438
Ireland,2015,15007,414485
Ireland,2016,19245,427411
Ireland,2017,22511,381082
Ireland,2018,19075,441728
Ireland,2019,14654,494294
Ireland,2020,18036,402488
Ireland,2021,20263,498635
Ireland,2022,16849,438634
Iceland,2000,41658,66719
Iceland,2001,41924,51255
Iceland,2002,25174,62984
Iceland,2003,50469,20400
Iceland,2004,33702,56264
Iceland,2005,19314,31699
Iceland,2006,40010,66711
Iceland,2007,31012,111385
Iceland,2008,42183,20374
Iceland,2009,28696,134032
Iceland,2010,19329,51914
Iceland,2011,9665,124024
Iceland,2012,38078,81087
Iceland,2013,7087,52322
Iceland,2014,24081,90752
Iceland,2015,29927,106939
Iceland,2016,24869,33697
Iceland,2017,25461,32414
Iceland,2018,30183,96035
Iceland,2019,11946,67838
Iceland,2020,28667,59863
Iceland,2021,15951,130900
Iceland,2022,109671,29845
Luxembourg,2000,43501,33965
Luxembourg,2001,41533,75076
Luxembourg,2002,56771,74103
Luxembourg,2003,33061,74425
Luxembourg,2004,33801,47593
Luxembourg,2005,21873,41527
Luxembourg,2006,19010,39325
Luxembourg,2007,24275,74575
Luxembourg,2008,16676,30936
Luxembourg,2009,13874,103552
Luxembourg,2010,7758,26897
Luxembourg,2011,65915,72811
Luxembourg,2012,2670,91704
Luxembourg,2013,44089,108361
Luxembourg,2014,83831,108175
Luxembourg,2015,3593,37346
Luxembourg,2016,20908,60808
Luxembourg,2017,11657,26666
Luxembourg,2018,34890,39934
Luxembourg,2019,71489,116716
Luxembourg,2020,16611,40842
Luxembourg,2021,41810,77158
Luxembourg,2022,86446,82821
New Zealand,2000,9788,161352
New Zealand,2001,16245,168534
New Zealand,2002,15080,151821
New Zealand,2003,13863,155473
New Zealand,2004,12217,197447
New Zealand,2005,10695,149187
New Zealand,2006,12242,157831
New Zealand,2007,15928,185916
New Zealand,2008,15388,185431
New Zealand,2009,14902,124149
New Zealand,2010,12701,128692
New Zealand,2011,11287,156792
New Zealand,2012,14711,199787
New Zealand,2013,9927,195430
New Zealand,2014,14859,193292
New Zealand,2015,13874,198165
New Zealand,2016,13950,156336
New Zealand,2017,11020,201408
New Zealand,2018,17138,160812
New Zealand,2019,14397,215245
New Zealand,2020,11738,189834
New Zealand,2021,7289,216405
New Zealand,2022,16568,139578
Singapore,2000,10836,638
Singapore,2001,10924,945
Singapore,2002,7637,910
Singapore,2003,7577,684
Singapore,2004,9658,1013
Singapore,2005,7244,721
Singapore,2006,9838,877
Singapore,2007,10966,824
Singapore,2008,10318,776
Singapore,2009,8322,1075
Singapore,2010,9824,1163
Singapore,2011,8654,968
Singapore,2012,8980,1175
Singapore,2013,10529,930
Singapore,2014,11528,1001
Singapore,2015,13018,1020
Singapore,2016,9968,839
Singapore,2017,15807,1108
Singapore,2018,11801,1157
Singapore,2019,12735,1034
Singapore,2020,10258,868
Singapore,2021,6368,1246
Singapore,2022,16208,858
Hong Kong,2000,7928,198461
Hong Kong,2001,6778,93930
Hong Kong,2002,7371,565508
Hong Kong,2003,8118,314810
Hong Kong,2004,5446,1141631
Hong Kong,2005,6993,412600
Hong Kong,2006,9010,327153
Hong Kong,2007,6225,283132
Hong Kong,2008,7340,1096920
Hong Kong,2009,5374,222939
Hong Kong,2010,9249,1048803
Hong Kong,2011,8648,403580
Hong Kong,2012,6297,932982
Hong Kong,2013,10954,381999
Hong Kong,2014,7614,29636
Hong Kong,2015,7645,100769
Hong Kong,2016,9956,90994
Hong Kong,2017,11828,1585999
Hong Kong,2018,8170,140718
Hong Kong,2019,10311,344505
Hong Kong,2020,10308,201422
Hong Kong,2021,10979,780329
Hong Kong,2022,11166,458407
Taiwan,2000,37997,152483
Taiwan,2001,3018,513983
Taiwan,2002,47331,475476
Taiwan,2003,39408,856831
Taiwan,2004,6601,506857
Taiwan,2005,20867,185946
Taiwan,2006,60808,851365
Taiwan,2007,1026,731903
Taiwan,2008,28385,1154809
Taiwan,2009,19327,285599
Taiwan,2010,53145,1363317
Taiwan,2011,64335,215911
Taiwan,2012,26765,664101
Taiwan,2013,6179,435346
Taiwan,2014,78817,187194
Taiwan,2015,17830,673551
Taiwan,2016,2006,593279
Taiwan,2017,47141,282006
Taiwan,2018,38471,110970
Taiwan,2019,59380,703816
Taiwan,2020,59203,260948
Taiwan,2021,45571,587091
Taiwan,2022,22598,2092577
Qatar,2000,1872,69029
Qatar,2001,1352,46042
Qatar,2002,2534,52708
Qatar,2003,2148,70657
Qatar,2004,2162,17326
Qatar,2005,3947,109762
Qatar,2006,2545,53174
Qatar,2007,2053,52679
Qatar,2008,1952,55940
Qatar,2009,2779,76699
Qatar,2010,2755,38687
Qatar,2011,1892,205830
Qatar,2012,3428,28604
Qatar,2013,2505,34811
Qatar,2014,4058,49405
Qatar,2015,3663,62541
Qatar,2016,2894,163763
Qatar,2017,4237,178536
Qatar,2018,3456,128164
Qatar,2019,4165,86006
Qatar,2020,3678,249991
Qatar,2021,2786,149100
Qatar,2022,3290,26841
Kuwait,2000,3772,146193
Kuwait,2001,2804,72989
Kuwait,2002,2806,115209
Kuwait,2003,2423,175314
Kuwait,2004,3591,74937
Kuwait,2005,5020,50895
Kuwait,2006,2477,77480
Kuwait,2007,3467,73066
Kuwait,2008,4043,106776
Kuwait,2009,2987,47665
Kuwait,2010,4071,163801
Kuwait,2011,2739,228408
Kuwait,2012,4212,60606
Kuwait,2013,3699,17233
Kuwait,2014,4687,106585
Kuwait,2015,4974,114893
Kuwait,2016,6785,27312
Kuwait,2017,4809,22014
Kuwait,2018,4634,379320
Kuwait,2019,4583,177224
Kuwait,2020,3739,134604
Kuwait,2021,4537,94676
Kuwait,2022,4295,171671
Oman,2000,33380,40811
Oman,2001,41707,121420
Oman,2002,11274,32705
Oman,2003,54896,41365
Oman,2004,3117,35694
Oman,2005,42567,27968
Oman,2006,7806,89660
Oman,2007,16013,90076
Oman,2008,60431,90374
Oman,2009,36125,130173
Oman,2010,27480,131454
Oman,2011,22687,124610
Oman,2012,47213,70651
Oman,2013,71079,275344
Oman,2014,7719,101155
Oman,2015,1494,90541
Oman,2016,16720,153039
Oman,2017,16366,198833
Oman,2018,93031,94877
Oman,2019,46506,51799
Oman,2020,56783,101576
Oman,2021,73733,158945
Oman,2022,29248,26962
Bahrain,2000,1371,55761
Bahrain,2001,1654,36003
Bahrain,2002,1553,28900
Bahrain,2003,1304,88737
Bahrain,2004,1729,80582
Bahrain,2005,1266,176670
Bahrain,2006,2090,50078
Bahrain,2007,1563,198521
Bahrain,2008,1554,131882
Bahrain,2009,1610,317216
Bahrain,2010,1734,19330
Bahrain,2011,2084,44585
Bahrain,2012,1722,42613
Bahrain,2013,2279,30193
Bahrain,2014,1374,197870
Bahrain,2015,1966,90337
Bahrain,2016,2858,322638
Bahrain,2017,1680,123698
Bahrain,2018,1852,352987
Bahrain,2019,2410,85618
Bahrain,2020,2124,318778
Bahrain,2021,2238,257564
Bahrain,2022,2546,228296
Ghana,2000,54863,315879
Ghana,2001,15259,31098
Ghana,2002,12231,280767
Ghana,2003,17984,483731
Ghana,2004,34158,880368
Ghana,2005,56761,357580
Ghana,2006,16311,1306327
Ghana,2007,5001,327158
Ghana,2008,3465,85021
Ghana,2009,35560,128999
Ghana,2010,23584,1151619
Ghana,2011,43834,231986
Ghana,2012,8232,459043
Ghana,2013,17804,165290
Ghana,2014,48234,162708
Ghana,2015,8048,543476
Ghana,2016,55014,150643
Ghana,2017,21704,416528
Ghana,2018,18354,434968
Ghana,2019,43484,427714
Ghana,2020,53653,210090
Ghana,2021,44557,422026
Ghana,2022,36647,644430
Côte d’Ivoire,2000,58718,51325
Côte d’Ivoire,2001,20786,56386
Côte d’Ivoire,2002,7652,36376
Côte d’Ivoire,2003,46535,540584
Côte d’Ivoire,2004,4995,88596
Côte d’Ivoire,2005,31611,538824
Côte d’Ivoire,2006,25318,428969
Côte d’Ivoire,2007,48704,707967
Côte d’Ivoire,2008,19205,430403
Côte d’Ivoire,2009,7106,769757
Côte d’Ivoire,2010,29347,122418
Côte d’Ivoire,2011,22532,238640
Côte d’Ivoire,2012,17396,518861
Côte d’Ivoire,2013,10101,58801
Côte d’Ivoire,2014,53792,487109
Côte d’Ivoire,2015,7847,740266
Côte d’Ivoire,2016,9229,33318
Côte d’Ivoire,2017,29186,70640
Côte d’Ivoire,2018,12892,324946
Côte d’Ivoire,2019,20166,609799
Côte d’Ivoire,2020,30089,785918
Côte d’Ivoire,2021,28424,104928
Côte d’Ivoire,2022,42274,286842
Cameroon,2000,6429,50730
Cameroon,2001,62486,121427
Cameroon,2002,7440,470467
Cameroon,2003,1801,111867
Cameroon,2004,34809,561978
Cameroon,2005,13616,435580
Cameroon,2006,56650,264138
Cameroon,2007,35349,1137024
Cameroon,2008,29058,175343
Cameroon,2009,26517,434489
Cameroon,2010,66095,1022052
Cameroon,2011,36944,384613
Cameroon,2012,49119,415337
Cameroon,2013,21684,231727
Cameroon,2014,61348,105379
Cameroon,2015,31497,508876
Cameroon,2016,40669,584160
Cameroon,2017,6272,254005
Cameroon,2018,56860,399104
Cameroon,2019,24414,264953
Cameroon,2020,61665,362473
Cameroon,2021,58861,692354
Cameroon,2022,41281,582485
Uganda,2000,58688,1487685
Uganda,2001,20229,342357
Uganda,2002,42959,376691
Uganda,2003,15383,219892
Uganda,2004,30729,955518
Uganda,2005,41447,1103574
Uganda,2006,26771,289267
Uganda,2007,1633,80748
Uganda,2008,39934,415975
Uganda,2009,24716,562914
Uganda,2010,38970,40418
Uganda,2011,17637,613556
Uganda,2012,42084,63071
Uganda,2013,7544,844660
Uganda,2014,8055,521591
Uganda,2015,16852,422995
Uganda,2016,7455,1372462
Uganda,2017,25768,61138
Uganda,2018,78292,1516279
Uganda,2019,21067,835925
Uganda,2020,58029,70622
Uganda,2021,13423,368602
Uganda,2022,45761,603280
Rwanda,2000,13873,934762
Rwanda,2001,21523,308092
Rwanda,2002,13304,376098
Rwanda,2003,1171,156763
Rwanda,2004,61160,326496
Rwanda,2005,8723,1107034
Rwanda,2006,39409,31856
Rwanda,2007,20835,647885
Rwanda,2008,33855,835573
Rwanda,2009,18072,295361
Rwanda,2010,16552,538477
Rwanda,2011,29235,53385
Rwanda,2012,45243,91541
Rwanda,2013,10939,556379
Rwanda,2014,19817,889479
Rwanda,2015,44878,149796
Rwanda,2016,29009,1458583
Rwanda,2017,77908,1410464
Rwanda,2018,24209,128022
Rwanda,2019,15736,239339
Rwanda,2020,40835,1630661
Rwanda,2021,1779,425693
Rwanda,2022,22604,244565
Zambia,2000,27466,246274
Zambia,2001,46224,214958
Zambia,2002,4631,910697
Zambia,2003,15598,212899
Zambia,2004,38930,272755
Zambia,2005,39856,195621
Zambia,2006,34077,268509
Zambia,2007,23129,41509
Zambia,2008,27942,1079158
Zambia,2009,37228,276646
Zambia,2010,44995,525379
Zambia,2011,19051,401953
Zambia,2012,35197,266752
Zambia,2013,10267,1375368
Zambia,2014,19367,100156
Zambia,2015,68829,337115
Zambia,2016,58769,536606
Zambia,2017,18011,152455
Zambia,2018,52725,413353
Zambia,2019,26124,240345
Zambia,2020,24197,768472
Zambia,2021,58411,924560
Zambia,2022,8158,924281
Zimbabwe,2000,26721,942557
Zimbabwe,2001,17372,505092
Zimbabwe,2002,15586,85908
Zimbabwe,2003,18985,386508
Zimbabwe,2004,35736,101320
Zimbabwe,2005,34245,221748
Zimbabwe,2006,68224,363422
Zimbabwe,2007,25496,196715
Zimbabwe,2008,30230,799429
Zimbabwe,2009,39348,106110
Zimbabwe,2010,40995,84604
Zimbabwe,2011,75103,151992
Zimbabwe,2012,5022,15809
Zimbabwe,2013,49781,149934
Zimbabwe,2014,36571,650344
Zimbabwe,2015,32804,320976
Zimbabwe,2016,51491,395830
Zimbabwe,2017,4203,858725
Zimbabwe,2018,37616,138234
Zimbabwe,2019,15959,338599
Zimbabwe,2020,31371,348133
Zimbabwe,2021,18195,78033
Zimbabwe,2022,26188,157385
Mozambique,2000,2699,48494
Mozambique,2001,16200,365696
Mozambique,2002,34168,156032
Mozambique,2003,52765,78692
Mozambique,2004,19214,279032
Mozambique,2005,12788,425111
Mozambique,2006,1520,382183
Mozambique,2007,24387,201949
Mozambique,2008,14301,939932
Mozambique,2009,6533,642837
Mozambique,2010,27740,184524
Mozambique,2011,16801,583446
Mozambique,2012,8255,425259
Mozambique,2013,42977,335848
Mozambique,2014,18222,457487
Mozambique,2015,21540,664779
Mozambique,2016,14740,7477
Mozambique,2017,15414,200363
Mozambique,2018,47223,169823
Mozambique,2019,21466,496147
Mozambique,2020,46330,154493
Mozambique,2021,47512,63139
Mozambique,2022,27898,274743
Angola,2000,11101,1002390
Angola,2001,5302,40904
Angola,2002,15858,298899
Angola,2003,35820,849040
Angola,2004,2382,1164108
Angola,2005,10399,145921
Angola,2006,27204,237721
Angola,2007,37595,534761
Angola,2008,2051,109807
Angola,2009,12764,988324
Angola,2010,29962,750575
Angola,2011,60518,479560
Angola,2012,34071,158207
Angola,2013,44090,933703
Angola,2014,8510,1065359
Angola,2015,12903,435950
Angola,2016,82752,1047200
Angola,2017,53470,437957
Angola,2018,79739,368895
Angola,2019,21559,146091
Angola,2020,31556,776703
Angola,2021,44470,216246
Angola,2022,7818,454635
Senegal,2000,1828,718741
Senegal,2001,55473,1264052
Senegal,2002,25492,498025
Senegal,2003,22155,260708
Senegal,2004,3447,234269
Senegal,2005,17279,84055
Senegal,2006,37930,30038
Senegal,2007,30517,816046
Senegal,2008,30955,246238
Senegal,2009,7989,963761
Senegal,2010,8389,324074
Senegal,2011,3617,134516
Senegal,2012,5731,508906
Senegal,2013,7754,90438
Senegal,2014,4417,262478
Senegal,2015,90785,227770
Senegal,2016,16093,94979
Senegal,2017,9566,380067
Senegal,2018,10930,332001
Senegal,2019,19917,585461
Senegal,2020,8604,403011
Senegal,2021,31465,90570
Senegal,2022,32182,768950
Tunisia,2000,1374,177809
Tunisia,2001,20958,457638
Tunisia,2002,43329,840226
Tunisia,2003,9029,223991
Tunisia,2004,19179,87911
Tunisia,2005,2986,525148
Tunisia,2006,74596,1075645
Tunisia,2007,1321,932268
Tunisia,2008,53060,25678
Tunisia,2009,35854,165617
Tunisia,2010,6891,420090
Tunisia,2011,18551,263880
Tunisia,2012,50692,59473
Tunisia,2013,42435,73699
Tunisia,2014,9735,681745
Tunisia,2015,28042,104033
Tunisia,2016,49743,715889
Tunisia,2017,24174,151966
Tunisia,2018,18904,147082
Tunisia,2019,37085,193840
Tunisia,2020,11257,19372
Tunisia,2021,7940,470954
Tunisia,2022,37440,904522
Jordan,2000,30924,835149
Jordan,2001,6802,38932
Jordan,2002,13402,45661
Jordan,2003,58846,249398
Jordan,2004,24794,294970
Jordan,2005,25950,607907
Jordan,2006,24238,878769
Jordan,2007,4323,983022
Jordan,2008,43329,1178990
Jordan,2009,33330,33015
Jordan,2010,9713,70522
Jordan,2011,15984,433806
Jordan,2012,31347,296731
Jordan,2013,8041,345771
Jordan,2014,7192,737726
Jordan,2015,57758,183369
Jordan,2016,124,109512
Jordan,2017,5922,1470305
Jordan,2018,65154,468694
Jordan,2019,61250,67972
Jordan,2020,14017,1975168
Jordan,2021,14611,1111932
Jordan,2022,33550,299697
Lebanon,2000,32286,633029
Lebanon,2001,28356,480641
Lebanon,2002,23970,407064
Lebanon,2003,20506,463412
Lebanon,2004,42287,694003
Lebanon,2005,43007,352013
Lebanon,2006,28369,101405
Lebanon,2007,27151,84615
Lebanon,2008,21760,664858
Lebanon,2009,39099,427467
Lebanon,2010,19339,587718
Lebanon,2011,55207,473427
Lebanon,2012,68104,330005
Lebanon,2013,24901,413739
Lebanon,2014,41995,546576
Lebanon,2015,16113,151454
Lebanon,2016,78655,207887
Lebanon,2017,5145,65687
Lebanon,2018,53317,219550
Lebanon,2019,15717,622958
Lebanon,2020,42859,77116
Lebanon,2021,3187,112729
Lebanon,2022,14436,778683
Kazakhstan,2000,22115,1291175
Kazakhstan,2001,8257,1848663
Kazakhstan,2002,21251,1806988
Kazakhstan,2003,21661,1245227
Kazakhstan,2004,42283,1516877
Kazakhstan,2005,28507,1752966
Kazakhstan,2006,34134,1749396
Kazakhstan,2007,14557,1258876
Kazakhstan,2008,40465,1831345
Kazakhstan,2009,22084,1614706
Kazakhstan,2010,35099,2012307
Kazakhstan,2011,21738,1634301
Kazakhstan,2012,10700,1754105
Kazakhstan,2013,28107,1617254
Kazakhstan,2014,63440,1786536
Kazakhstan,2015,36743,1419577
Kazakhstan,2016,22955,1743782
Kazakhstan,2017,46072,1849561
Kazakhstan,2018,15574,1972435
Kazakhstan,2019,71715,1890752
Kazakhstan,2020,72658,1498877
Kazakhstan,2021,37824,1749528
Kazakhstan,2022,20082,1651122
Uzbekistan,2000,4185,1033624
Uzbekistan,2001,32334,890775
Uzbekistan,2002,40951,133816
Uzbekistan,2003,53414,83476
Uzbekistan,2004,44848,227713
Uzbekistan,2005,10714,895527
Uzbekistan,2006,4025,162106
Uzbekistan,2007,6770,512976
Uzbekistan,2008,25225,218856
Uzbekistan,2009,8001,262690
Uzbekistan,2010,51037,514802
Uzbekistan,2011,92284,83685
Uzbekistan,2012,13219,495267
Uzbekistan,2013,14198,309488
Uzbekistan,2014,59541,520674
Uzbekistan,2015,16432,981791
Uzbekistan,2016,42852,209248
Uzbekistan,2017,5235,239415
Uzbekistan,2018,27387,820664
Uzbekistan,2019,40158,190231
Uzbekistan,2020,12161,868609
Uzbekistan,2021,62635,197652
Uzbekistan,2022,39003,283980
Turkmenistan,2000,18323,524426
Turkmenistan,2001,12316,385122
Turkmenistan,2002,14087,202358
Turkmenistan,2003,41119,90064
Turkmenistan,2004,28826,55482
Turkmenistan,2005,37761,298762
Turkmenistan,2006,36318,1682925
Turkmenistan,2007,10367,532798
Turkmenistan,2008,26739,814359
Turkmenistan,2009,29386,1213743
Turkmenistan,2010,28444,416040
Turkmenistan,2011,54528,201742
Turkmenistan,2012,49495,516682
Turkmenistan,2013,60084,89030
Turkmenistan,2014,31348,141404
Turkmenistan,2015,21951,838982
Turkmenistan,2016,31169,578357
Turkmenistan,2017,25214,864544
Turkmenistan,2018,39589,194110
Turkmenistan,2019,2240,186986
Turkmenistan,2020,43197,256997
Turkmenistan,2021,61943,1753801
Turkmenistan,2022,90723,186761
Tajikistan,2000,33448,1232231
Tajikistan,2001,53383,83544
Tajikistan,2002,8184,827974
Tajikistan,2003,8718,1938836
Tajikistan,2004,22897,97024
Tajikistan,2005,43700,591630
Tajikistan,2006,4171,150949
Tajikistan,2007,64363,643954
Tajikistan,2008,3234,885287
Tajikistan,2009,37520,1042292
Tajikistan,2010,24382,901000
Tajikistan,2011,28581,191982
Tajikistan,2012,30469,304527
Tajikistan,2013,3697,899680
Tajikistan,2014,35254,5940
Tajikistan,2015,38420,922824
Tajikistan,2016,14274,1042675
Tajikistan,2017,39271,32525
Tajikistan,2018,35542,47795
Tajikistan,2019,18438,214636
Tajikistan,2020,32954,599777
Tajikistan,2021,41938,103149
Tajikistan,2022,27947,1570841
Kyrgyzstan,2000,23095,559368
Kyrgyzstan,2001,18863,430665
Kyrgyzstan,2002,34238,618130
Kyrgyzstan,2003,53424,443211
Kyrgyzstan,2004,26963,441896
Kyrgyzstan,2005,23293,629602
Kyrgyzstan,2006,15916,621269
Kyrgyzstan,2007,51382,480635
Kyrgyzstan,2008,2959,557701
Kyrgyzstan,2009,12241,541037
Kyrgyzstan,2010,66100,592943
Kyrgyzstan,2011,23399,677254
Kyrgyzstan,2012,75216,588967
Kyrgyzstan,2013,35311,533269
Kyrgyzstan,2014,20877,430681
Kyrgyzstan,2015,25322,599445
Kyrgyzstan,2016,27714,436007
Kyrgyzstan,2017,28173,516219
Kyrgyzstan,2018,29162,604250
Kyrgyzstan,2019,39332,589459
Kyrgyzstan,2020,49470,635569
Kyrgyzstan,2021,64875,620426
Kyrgyzstan,2022,29058,528517
Azerbaijan,2000,21573,274234
Azerbaijan,2001,13739,453531
Azerbaijan,2002,24134,502275
Azerbaijan,2003,17088,370193
Azerbaijan,2004,64911,115525
Azerbaijan,2005,13910,979306
Azerbaijan,2006,21719,290477
Azerbaijan,2007,28917,640512
Azerbaijan,2008,40182,672928
Azerbaijan,2009,50884,1174337
Azerbaijan,2010,28077,150585
Azerbaijan,2011,47314,761458
Azerbaijan,2012,68727,148126
Azerbaijan,2013,11147,52637
Azerbaijan,2014,73989,867934
Azerbaijan,2015,18990,526711
Azerbaijan,2016,56579,1358540
Azerbaijan,2017,88816,78132
Azerbaijan,2018,26550,380038
Azerbaijan,2019,44195,247859
Azerbaijan,2020,59729,97144
Azerbaijan,2021,9563,138566
Azerbaijan,2022,11370,673696
Armenia,2000,10775,185489
Armenia,2001,11316,300116
Armenia,2002,29985,351955
Armenia,2003,33569,679415
Armenia,2004,14973,1076766
Armenia,2005,46694,214923
Armenia,2006,6460,323153
Armenia,2007,9775,99138
Armenia,2008,4939,803674
Armenia,2009,27339,436588
Armenia,2010,15891,937310
Armenia,2011,55628,91848
Armenia,2012,41872,260088
Armenia,2013,2898,332684
Armenia,2014,20503,1121147
Armenia,2015,16461,806131
Armenia,2016,43535,747068
Armenia,2017,4547,15379
Armenia,2018,61712,1119707
Armenia,2019,70905,669995
Armenia,2020,44293,680429
Armenia,2021,9387,742924
Armenia,2022,32426,784124
Georgia,2000,10336,523566
Georgia,2001,43140,80306
Georgia,2002,62123,962246
Georgia,2003,32856,484316
Georgia,2004,3940,193629
Georgia,2005,7246,568611
Georgia,2006,45728,1260779
Georgia,2007,11541,1141251
Georgia,2008,13051,32126
Georgia,2009,1497,563605
Georgia,2010,48432,491337
Georgia,2011,53930,284473
Georgia,2012,7508,383628
Georgia,2013,29352,449984
Georgia,2014,8967,84244
Georgia,2015,53831,532527
Georgia,2016,44751,758926
Georgia,2017,53508,208447
Georgia,2018,40021,593653
Georgia,2019,48440,1023572
Georgia,2020,52850,515313
Georgia,2021,12946,116958
Georgia,2022,31698,883829
Moldova,2000,24704,421083
Moldova,2001,14108,144974
Moldova,2002,12005,240711
Moldova,2003,24084,716782
Moldova,2004,60588,601119
Moldova,2005,2945,826784
Moldova,2006,50581,351837
Moldova,2007,51170,272131
Moldova,2008,25337,373496
Moldova,2009,12357,466556
Moldova,2010,29538,279634
Moldova,2011,47490,174010
Moldova,2012,13172,821674
Moldova,2013,5625,225650
Moldova,2014,10373,306465
Moldova,2015,67313,1036353
Moldova,2016,36137,688859
Moldova,2017,87465,273054
Moldova,2018,8816,234395
Moldova,2019,31923,364068
Moldova,2020,59343,162744
Moldova,2021,87956,856460
Moldova,2022,82506,884365
Belarus,2000,41330,1881957
Belarus,2001,47136,1659175
Belarus,2002,32136,1180839
Belarus,2003,54000,1393527
Belarus,2004,51937,1899170
Belarus,2005,1796,2151584
Belarus,2006,31457,1751047
Belarus,2007,7359,1408263
Belarus,2008,22587,1656255
Belarus,2009,15436,1743385
Belarus,2010,26396,1291052
Belarus,2011,42358,1700417
Belarus,2012,30954,1983774
Belarus,2013,58336,1283335
Belarus,2014,34495,1542322
Belarus,2015,8949,1150123
Belarus,2016,43739,1421140
Belarus,2017,27497,1554109
Belarus,2018,36873,1798009
Belarus,2019,22161,1634070
Belarus,2020,25742,1332801
Belarus,2021,43109,1612049
Belarus,2022,47333,1371569
Lithuania,2000,49534,419189
Lithuania,2001,23663,406210
Lithuania,2002,15583,437108
Lithuania,2003,42135,427539
Lithuania,2004,48112,468916
Lithuania,2005,28293,420973
Lithuania,2006,12925,517060
Lithuania,2007,26089,443289
Lithuania,2008,54120,525994
Lithuania,2009,30897,475608
Lithuania,2010,42401,366438
Lithuania,2011,69878,472462
Lithuania,2012,24536,458196
Lithuania,2013,72267,216383
Lithuania,2014,59441,340881
Lithuania,2015,7482,441457
Lithuania,2016,41604,410673
Lithuania,2017,32274,270561
Lithuania,2018,84583,382114
Lithuania,2019,39351,416435
Lithuania,2020,14939,380771
Lithuania,2021,23881,265512
Lithuania,2022,35276,272229
Latvia,2000,32250,292581
Latvia,2001,52259,265741
Latvia,2002,57685,325615
Latvia,2003,11712,301703
Latvia,2004,5160,350183
Latvia,2005,43343,310376
Latvia,2006,57553,290020
Latvia,2007,44221,253919
Latvia,2008,2146,337061
Latvia,2009,7832,277245
Latvia,2010,26289,222111
Latvia,2011,30535,257820
Latvia,2012,4144,246157
Latvia,2013,43248,207110
Latvia,2014,8328,266791
Latvia,2015,51992,226537
Latvia,2016,51922,239039
Latvia,2017,49389,194257
Latvia,2018,26014,209253
Latvia,2019,58986,233509
Latvia,2020,2150,212163
Latvia,2021,30125,203061
Latvia,2022,89118,257521
Estonia,2000,27259,161304
Estonia,2001,56865,171281
Estonia,2002,14406,171924
Estonia,2003,9294,157179
Estonia,2004,3208,167522
Estonia,2005,13758,132844
Estonia,2006,1057,189714
Estonia,2007,9810,185379
Estonia,2008,41422,168993
Estonia,2009,51602,164791
Estonia,2010,44477,127895
Estonia,2011,48253,178093
Estonia,2012,23234,145695
Estonia,2013,20207,162364
Estonia,2014,10661,114507
Estonia,2015,52483,157025
Estonia,2016,18775,137149
Estonia,2017,39159,138557
Estonia,2018,54923,106931
Estonia,2019,41525,146950
Estonia,2020,58438,128441
Estonia,2021,32964,137905
Estonia,2022,7106,141509
Malta,2000,24742,89208
Malta,2001,19489,107692
Malta,2002,29090,80221
Malta,2003,14744,52776
Malta,2004,12708,89127
Malta,2005,73706,87298
Malta,2006,19971,94990
Malta,2007,49574,50018
Malta,2008,44316,55020
Malta,2009,65331,107020
Malta,2010,6816,138902
Malta,2011,51185,40071
Malta,2012,6703,17555
Malta,2013,47431,114351
Malta,2014,24429,26434
Malta,2015,35207,111221
Malta,2016,57723,96664
Malta,2017,55370,20201
Malta,2018,36117,25251
Malta,2019,33649,72066
Malta,2020,58219,45742
Malta,2021,46031,40021
Malta,2022,4873,64355
Cyprus,2000,15084,98895
Cyprus,2001,37161,97131
Cyprus,2002,26216,157502
Cyprus,2003,32594,72103
Cyprus,2004,1676,63416
Cyprus,2005,11075,139627
Cyprus,2006,38558,65076
Cyprus,2007,20545,40402
Cyprus,2008,45234,83283
Cyprus,2009,33916,48397
Cyprus,2010,12858,108683
Cyprus,2011,18760,40426
Cyprus,2012,61741,38409
Cyprus,2013,51706,61068
Cyprus,2014,26012,62839
Cyprus,2015,18693,102860
Cyprus,2016,22989,60309
Cyprus,2017,22145,76986
Cyprus,2018,18988,17160
Cyprus,2019,70796,38187
Cyprus,2020,13037,70828
Cyprus,2021,22009,90752
Cyprus,2022,33333,44412
